Name,Disabled,TID,TileSetPrefix,BgPrefix,SWF,GroundSCW,EnvironmentSCW,TileSetRedAdd,TileSetGreenAdd,TileSetBlueAdd,TileSetRedMul,TileSetGreenMul,TileSetBlueMul,IconSWF,IconExportName,GameMode,AllowedMaps,ShadowR,ShadowG,ShadowB,ShadowA,Music,CommunityCredit
string,boolean,string,string,string,string,string,string,int,int,int,int,int,int,string,string,string,string,int,int,int,int,string,string
Wanted1,,TID_WANTED_1,oasis_,,sc/oasis_level.sc,sc3d/bgr_jungle_ground.scw,sc3d/bgr_jungle.scw,0,0,0,255,255,255,sc/events.sc,event_oasis,BountyHunter,Wanted_1,0,66,66,60,BattleMusic,
Wanted3,true,TID_WANTED_3,oasis_,,sc/oasis_level.sc,sc3d/bgr_jungle_ground.scw,sc3d/bgr_jungle.scw,0,0,0,255,255,255,sc/events.sc,event_oasis,BountyHunter,Wanted_3,0,66,66,60,BattleMusic,
Wanted4,true,TID_WANTED_4,,,sc/canyon_level.sc,sc3d/bgr_canyon_ground.scw,sc3d/bgr_canyon.scw,0,0,0,255,255,255,sc/events.sc,event_canyon,BountyHunter,Gemgrab_3,100,0,0,60,BattleMusic,
Wanted5,true,TID_WANTED_5,,,sc/canyon_level.sc,sc3d/bgr_canyon_ground.scw,sc3d/bgr_canyon.scw,0,0,0,255,255,255,sc/events.sc,event_canyon,BountyHunter,Gemgrab_2,100,0,0,60,BattleMusic,
Wanted6,,TID_WANTED_6,,,sc/canyon_level.sc,sc3d/bgr_canyon_ground.scw,sc3d/bgr_canyon.scw,0,0,0,255,255,255,sc/events.sc,event_canyon,BountyHunter,Wanted_6,100,0,0,60,BattleMusic,
Wanted7,true,TID_WANTED_7,,,sc/canyon_level.sc,sc3d/bgr_canyon_ground.scw,sc3d/bgr_canyon.scw,0,0,0,255,255,255,sc/events.sc,event_canyon,BountyHunter,Wanted_7,100,0,0,60,BattleMusic,
Wanted2,true,TID_WANTED_2,oasis_,,sc/oasis_level.sc,sc3d/bgr_jungle_ground.scw,sc3d/bgr_jungle.scw,0,0,0,255,255,255,sc/events.sc,event_oasis,BountyHunter,Wanted_2,0,66,66,60,BattleMusic,
Gemgrab1,,TID_GOLDRUSH_1,mine_,,sc/mine_level.sc,sc3d/bgr_mine_ground.scw,sc3d/bgr_mine.scw,0,0,0,255,255,255,sc/events.sc,event_gemmine,CoinRush,Gemgrab_1,0,0,100,60,BattleMusic,
Gemgrab2,,TID_GOLDRUSH_2,mine_,,sc/mine_level.sc,sc3d/bgr_mine_ground.scw,sc3d/bgr_mine.scw,0,0,0,255,255,255,sc/events.sc,event_gemmine,CoinRush,Gemgrab_2,0,0,100,60,BattleMusic,
Gemgrab3,,TID_GOLDRUSH_3,mine_,,sc/mine_level.sc,sc3d/bgr_mine_ground.scw,sc3d/bgr_mine.scw,0,0,0,255,255,255,sc/events.sc,event_gemmine,CoinRush,Gemgrab_3,0,0,100,60,BattleMusic,
Gemgrab4,,TID_GOLDRUSH_4,mine_,,sc/mine_level.sc,sc3d/bgr_mine_ground.scw,sc3d/bgr_mine.scw,0,0,0,255,255,255,sc/events.sc,event_gemmine,CoinRush,Wanted_3,0,0,100,60,BattleMusic,
Gemgrab5,,TID_GOLDRUSH_5,mine_,,sc/mine_level.sc,sc3d/bgr_mine_ground.scw,sc3d/bgr_mine.scw,0,0,0,255,255,255,sc/events.sc,event_gemmine,CoinRush,Gemgrab_5,0,0,100,60,BattleMusic,
Gemgrab6,,TID_GOLDRUSH_6,mine_,,sc/mine_level.sc,sc3d/bgr_mine_ground.scw,sc3d/bgr_mine.scw,0,0,0,255,255,255,sc/events.sc,event_gemmine,CoinRush,Gemgrab_4,0,0,100,60,BattleMusic,
Survival1,,TID_BATTLE_ROYALE_1,,survival_,sc/survival_level.sc,sc3d/bgr_canyon_showdown_ground.scw,sc3d/bgr_canyon_showdown.scw,0,0,0,255,255,255,sc/events.sc,event_stormvalley,BattleRoyale,Survival_1,100,0,0,60,BattleMusic,
Survival2,,TID_BATTLE_ROYALE_2,,survival_,sc/survival_level.sc,sc3d/bgr_canyon_showdown_ground.scw,sc3d/bgr_canyon_showdown.scw,0,0,0,255,255,255,sc/events.sc,event_stormvalley,BattleRoyale,Survival_2,100,0,0,60,BattleMusic,OwenReds
Survival3,,TID_BATTLE_ROYALE_3,,survival_,sc/survival_level.sc,sc3d/bgr_canyon_showdown_ground.scw,sc3d/bgr_canyon_showdown.scw,0,0,0,255,255,255,sc/events.sc,event_stormvalley,BattleRoyale,Survival_3,100,0,0,60,BattleMusic,
Survival4,,TID_BATTLE_ROYALE_4,,survival_,sc/survival_level.sc,sc3d/bgr_canyon_showdown_ground.scw,sc3d/bgr_canyon_showdown.scw,0,0,0,255,255,255,sc/events.sc,event_stormvalley,BattleRoyale,Survival_4,100,0,0,60,BattleMusic,
Heist1,true,TID_BANKHEIST_1,,,sc/canyon_level.sc,sc3d/bgr_canyon_ground.scw,sc3d/bgr_canyon.scw,0,0,0,255,255,255,sc/events.sc,event_canyon,AttackDefend,Bankheist_1,100,0,0,60,BattleMusic,
Heist2,,TID_BANKHEIST_2,,,sc/canyon_level.sc,sc3d/bgr_canyon_ground.scw,sc3d/bgr_canyon.scw,0,0,0,255,255,255,sc/events.sc,event_canyon,AttackDefend,Bankheist_2,100,0,0,60,BattleMusic,
Heist3,,TID_BANKHEIST_3,,,sc/canyon_level.sc,sc3d/bgr_canyon_ground.scw,sc3d/bgr_canyon.scw,0,0,0,255,255,255,sc/events.sc,event_canyon,AttackDefend,Bankheist_3,100,0,0,60,BattleMusic,
Tutorial,,,mine_,,sc/mine_level.sc,sc3d/bgr_mine_tutorial_ground.scw,sc3d/bgr_mine_tutorial.scw,0,0,0,255,255,255,sc/events.sc,event_welcome,Tutorial,,0,0,100,60,BattleMusic,
BossFight1,true,TID_BOSS_4,,,sc/canyon_level.sc,sc3d/bgr_canyon_ground.scw,sc3d/bgr_canyon.scw,0,0,0,255,255,255,sc/events.sc,event_boss,BossFight,BossFight_1,0,66,66,60,BattleMusic,
Wanted8,,TID_WANTED_8,oasis_,,sc/oasis_level.sc,sc3d/bgr_jungle_ground.scw,sc3d/bgr_jungle.scw,0,0,0,255,255,255,sc/events.sc,event_oasis,BountyHunter,Wanted_8,0,66,66,60,BattleMusic,
Heist4,true,TID_BANKHEIST_4,,,sc/canyon_level.sc,sc3d/bgr_canyon_ground.scw,sc3d/bgr_canyon.scw,0,0,0,255,255,255,sc/events.sc,event_canyon,AttackDefend,Bankheist_4,100,0,0,60,BattleMusic,
Ball1,,TID_BALL_1,grassfield_,,sc/grassfield_level.sc,sc3d/bgr_grassfield_ground.scw,sc3d/bgr_grassfield.scw,0,0,0,255,255,255,sc/events.sc,event_brawlball,LaserBall,Laserball_1,0,66,66,60,BattleMusic,
Ball2,,TID_BALL_2,grassfield_,,sc/grassfield_level.sc,sc3d/bgr_grassfield_ground.scw,sc3d/bgr_grassfield.scw,0,0,0,255,255,255,sc/events.sc,event_brawlball,LaserBall,Laserball_2,0,66,66,60,BattleMusic,
Ball3,,TID_BALL_3,grassfield_,,sc/grassfield_level.sc,sc3d/bgr_grassfield_ground.scw,sc3d/bgr_grassfield.scw,0,0,0,255,255,255,sc/events.sc,event_brawlball,LaserBall,Laserball_3,0,66,66,60,BattleMusic,
Coop1,,TID_COOP_1,,,sc/canyon_level.sc,sc3d/bgr_canyon_ground.scw,sc3d/bgr_canyon.scw,0,0,0,255,255,255,sc/ui.sc,event_coop,Survival,Coop_1,100,0,0,60,BattleMusic,
SurvivalTeam7,,TID_BATTLE_ROYALE_7,,survival_,sc/survival_level.sc,sc3d/bgr_canyon_showdown_ground.scw,sc3d/bgr_canyon_showdown.scw,0,0,0,255,255,255,sc/events.sc,event_stormvalley,BattleRoyaleTeam,Survival_7,100,0,0,60,BattleMusic,
Coop2,,TID_COOP_2,,,sc/canyon_level.sc,sc3d/bgr_canyon_ground.scw,sc3d/bgr_canyon.scw,0,0,0,255,255,255,sc/ui.sc,event_coop,Survival,Coop_2,100,0,0,60,BattleMusic,
BossFight2,true,TID_BOSS_3,mine_,,sc/mine_level.sc,sc3d/bgr_mine_ground.scw,sc3d/bgr_mine.scw,0,0,0,255,255,255,sc/events.sc,event_boss,BossFight,BossFight_2,0,0,100,60,BattleMusic,
Gemgrab8,true,TID_GOLDRUSH_8,,,sc/canyon_level.sc,sc3d/bgr_canyon_ground.scw,sc3d/bgr_canyon.scw,0,0,0,255,255,255,sc/events.sc,event_canyon,CoinRush,Gemgrab_8,0,0,100,60,BattleMusic,
Survival5,,TID_BATTLE_ROYALE_5,,survival_,sc/survival_level.sc,sc3d/bgr_canyon_showdown_ground.scw,sc3d/bgr_canyon_showdown.scw,0,0,0,255,255,255,sc/events.sc,event_stormvalley,BattleRoyale,Survival_5,100,0,0,60,BattleMusic,Mordeus
Survival6,true,TID_BATTLE_ROYALE_6,,survival_,sc/survival_level.sc,sc3d/bgr_canyon_showdown_ground.scw,sc3d/bgr_canyon_showdown.scw,0,0,0,255,255,255,sc/events.sc,event_stormvalley,BattleRoyale,Survival_6,100,0,0,60,BattleMusic,
SurvivalTeam1,,TID_BATTLE_ROYALE_1,,survival_,sc/survival_level.sc,sc3d/bgr_canyon_showdown_ground.scw,sc3d/bgr_canyon_showdown.scw,0,0,0,255,255,255,sc/events.sc,event_stormvalley,BattleRoyaleTeam,Survival_1,100,0,0,60,BattleMusic,
SurvivalTeam2,,TID_BATTLE_ROYALE_2,,survival_,sc/survival_level.sc,sc3d/bgr_canyon_showdown_ground.scw,sc3d/bgr_canyon_showdown.scw,0,0,0,255,255,255,sc/events.sc,event_stormvalley,BattleRoyaleTeam,Survival_2,100,0,0,60,BattleMusic,OwenReds
SurvivalTeam3,,TID_BATTLE_ROYALE_3,,survival_,sc/survival_level.sc,sc3d/bgr_canyon_showdown_ground.scw,sc3d/bgr_canyon_showdown.scw,0,0,0,255,255,255,sc/events.sc,event_stormvalley,BattleRoyaleTeam,Survival_3,100,0,0,60,BattleMusic,
SurvivalTeam4,,TID_BATTLE_ROYALE_4,,survival_,sc/survival_level.sc,sc3d/bgr_canyon_showdown_ground.scw,sc3d/bgr_canyon_showdown.scw,0,0,0,255,255,255,sc/events.sc,event_stormvalley,BattleRoyaleTeam,Survival_4,100,0,0,60,BattleMusic,
SurvivalTeam5,,TID_BATTLE_ROYALE_5,,survival_,sc/survival_level.sc,sc3d/bgr_canyon_showdown_ground.scw,sc3d/bgr_canyon_showdown.scw,0,0,0,255,255,255,sc/events.sc,event_stormvalley,BattleRoyaleTeam,Survival_5,100,0,0,60,BattleMusic,Mordeus
Coop3,,TID_COOP_6,,survival_,sc/survival_level.sc,sc3d/bgr_canyon_showdown_ground.scw,sc3d/bgr_canyon_showdown.scw,0,0,0,255,255,255,sc/ui.sc,event_coop,Survival,Coop_3,100,0,0,60,BattleMusic,
Gemgrab7,,TID_GOLDRUSH_7,mine_,,sc/mine_level.sc,sc3d/bgr_mine_ground.scw,sc3d/bgr_mine.scw,0,0,0,255,255,255,sc/events.sc,event_gemmine,CoinRush,Gemgrab_7,0,0,100,60,BattleMusic,DarkKnight 
Gemgrab10,true,TID_GOLDRUSH_10,mine_,,sc/mine_level.sc,sc3d/bgr_mine_ground.scw,sc3d/bgr_mine.scw,0,0,0,255,255,255,sc/events.sc,event_gemmine,CoinRush,Gemgrab_10,0,0,100,60,BattleMusic,Lewinham
Heist5,true,TID_BANKHEIST_5,,,sc/canyon_level.sc,sc3d/bgr_canyon_ground.scw,sc3d/bgr_canyon.scw,0,0,0,255,255,255,sc/events.sc,event_canyon,AttackDefend,Bankheist_5,100,0,0,60,BattleMusic,Rushalisk
Survival7,,TID_BATTLE_ROYALE_7,,survival_,sc/survival_level.sc,sc3d/bgr_canyon_showdown_ground.scw,sc3d/bgr_canyon_showdown.scw,0,0,0,255,255,255,sc/events.sc,event_stormvalley,BattleRoyale,Survival_7,100,0,0,60,BattleMusic,
SurvivalTeam6,true,TID_BATTLE_ROYALE_6,,survival_,sc/survival_level.sc,sc3d/bgr_canyon_showdown_ground.scw,sc3d/bgr_canyon_showdown.scw,0,0,0,255,255,255,sc/events.sc,event_stormvalley,BattleRoyaleTeam,Survival_6,100,0,0,60,BattleMusic,
Survival8,true,TID_BATTLE_ROYALE_8,,survival_water_,sc/survival_level.sc,sc3d/bgr_island_showdown_ground.scw,,0,0,0,255,255,255,sc/events.sc,event_stormvalley,BattleRoyale,Survival_8,100,0,0,60,BattleMusic,Rushalisk
SurvivalTeam8,true,TID_BATTLE_ROYALE_8,,survival_water_,sc/survival_level.sc,sc3d/bgr_island_showdown_ground.scw,,0,0,0,255,255,255,sc/events.sc,event_stormvalley,BattleRoyaleTeam,Survival_8,100,0,0,60,BattleMusic,Rushalisk
Heist6,,TID_BANKHEIST_6,,,sc/canyon_level.sc,sc3d/bgr_canyon_ground.scw,sc3d/bgr_canyon.scw,0,0,0,255,255,255,sc/events.sc,event_canyon,AttackDefend,Bankheist_6,100,0,0,60,BattleMusic,Mordeus
Gemgrab11,,TID_GOLDRUSH_11,mine_,,sc/mine_level.sc,sc3d/bgr_mine_ground.scw,sc3d/bgr_mine.scw,0,0,0,255,255,255,sc/events.sc,event_gemmine,CoinRush,Gemgrab_11,0,0,100,60,BattleMusic,FatBubblyDragon
Heist7,true,TID_BANKHEIST_7,,,sc/canyon_level.sc,sc3d/bgr_canyon_ground.scw,sc3d/bgr_canyon.scw,0,0,0,255,255,255,sc/events.sc,event_canyon,AttackDefend,Bankheist_7,100,0,0,60,BattleMusic,Schmedricks
Ball4,,TID_BALL_4,grassfield_,,sc/grassfield_level.sc,sc3d/bgr_grassfield_ground.scw,sc3d/bgr_grassfield.scw,0,0,0,255,255,255,sc/events.sc,event_brawlball,LaserBall,Laserball_4,0,66,66,60,BattleMusic,Lex
Ball6,,TID_BALL_6,grassfield_,,sc/grassfield_level.sc,sc3d/bgr_grassfield_ground.scw,sc3d/bgr_grassfield.scw,0,0,0,255,255,255,sc/events.sc,event_brawlball,LaserBall,Laserball_6,0,66,66,60,BattleMusic,Mordeus
Ball7,true,TID_BALL_7,grassfield_,,sc/grassfield_level.sc,sc3d/bgr_grassfield_ground.scw,sc3d/bgr_grassfield.scw,0,0,0,255,255,255,sc/events.sc,event_brawlball,LaserBall,Laserball_7,0,66,66,60,BattleMusic,Lewinham
Heist8,true,TID_BANKHEIST_8,,,sc/canyon_level.sc,sc3d/bgr_canyon_ground.scw,sc3d/bgr_canyon.scw,0,0,0,255,255,255,sc/events.sc,event_canyon,AttackDefend,Bankheist_8,100,0,0,60,BattleMusic,AlexEsteAdevarat 
Wanted9,true,TID_WANTED_9,oasis_,,sc/oasis_level.sc,sc3d/bgr_jungle_ground.scw,sc3d/bgr_jungle.scw,0,0,0,255,255,255,sc/events.sc,event_oasis,BountyHunter,Wanted_9,0,66,66,60,BattleMusic,thelucas2000 
Survival12,true,TID_BATTLE_ROYALE_12,,survival_,sc/survival_level.sc,sc3d/bgr_canyon_showdown_ground.scw,sc3d/bgr_canyon_showdown.scw,0,0,0,255,255,255,sc/events.sc,event_stormvalley,BattleRoyale,Survival_12,100,0,0,60,BattleMusic,Tony_A9
SurvivalTeam12,true,TID_BATTLE_ROYALE_12,,survival_,sc/survival_level.sc,sc3d/bgr_canyon_showdown_ground.scw,sc3d/bgr_canyon_showdown.scw,0,0,0,255,255,255,sc/events.sc,event_stormvalley,BattleRoyaleTeam,Survival_12,100,0,0,60,BattleMusic,Tony_A9
Raid1,,TID_RAID_2,,survival_,sc/survival_level.sc,sc3d/bgr_canyon_showdown_ground.scw,sc3d/bgr_canyon_showdown.scw,0,0,0,255,255,255,sc/ui.sc,event_raid,Raid,Raid_1,100,0,0,60,BattleMusic,
GGxmas1,true,TID_GOLDRUSH_XMAS_1,snowy_,,sc/mine_level.sc,sc3d/bgr_snowy_ground.scw,sc3d/bgr_snowy.scw,0,0,0,255,255,255,sc/events.sc,event_snow,CoinRush,Wanted_3,0,0,100,60,Snow_brawl,
GGxmas2,true,TID_GOLDRUSH_XMAS_2,snowy_,,sc/mine_level.sc,sc3d/bgr_snowy_ground.scw,sc3d/bgr_snowy.scw,0,0,0,255,255,255,sc/events.sc,event_snow,CoinRush,Gemgrab_7,0,0,100,60,Snow_brawl,
GGxmas3,true,TID_GOLDRUSH_XMAS_3,snowy_,,sc/mine_level.sc,sc3d/bgr_snowy_ground.scw,sc3d/bgr_snowy.scw,0,0,0,255,255,255,sc/events.sc,event_snow,CoinRush,Gemgrab_5,0,0,100,60,Snow_brawl,
GGxmas4,true,TID_GOLDRUSH_XMAS_4,snowy_,,sc/mine_level.sc,sc3d/bgr_snowy_ground.scw,sc3d/bgr_snowy.scw,0,0,0,255,255,255,sc/events.sc,event_snow,CoinRush,Gemgrab_1,0,0,100,60,Snow_brawl,
GGxmas5,true,TID_GOLDRUSH_XMAS_5,snowy_,,sc/mine_level.sc,sc3d/bgr_snowy_ground.scw,sc3d/bgr_snowy.scw,0,0,0,255,255,255,sc/events.sc,event_snow,CoinRush,Gemgrab_4,0,0,100,60,Snow_brawl,
GGxmas6,true,TID_GOLDRUSH_XMAS_6,snowy_,,sc/canyon_level.sc,sc3d/bgr_snowy_ground.scw,sc3d/bgr_snowy.scw,0,0,0,255,255,255,sc/events.sc,event_snow,CoinRush,Gemgrab_9,0,0,100,60,Snow_brawl,
GGxmas7,true,TID_GOLDRUSH_XMAS_7,snowy_,,sc/mine_level.sc,sc3d/bgr_snowy_ground.scw,sc3d/bgr_snowy.scw,0,0,0,255,255,255,sc/events.sc,event_snow,CoinRush,Gemgrab_3,0,0,100,60,Snow_brawl,
BossFight3,true,TID_BOSS_6,,,sc/canyon_level.sc,sc3d/bgr_canyon_ground.scw,sc3d/bgr_canyon.scw,0,0,0,255,255,255,sc/events.sc,event_boss,BossFight,BossFight_3,0,66,66,60,BattleMusic,
BossFight4,true,TID_BOSS_5,mine_,,sc/mine_level.sc,sc3d/bgr_mine_ground.scw,sc3d/bgr_mine.scw,0,0,0,255,255,255,sc/events.sc,event_boss,BossFight,BossFight_4,0,0,100,60,BattleMusic,
Raid2,,TID_RAID_3,,survival_,sc/survival_level.sc,sc3d/bgr_canyon_showdown_ground.scw,sc3d/bgr_canyon_showdown.scw,0,0,0,255,255,255,sc/ui.sc,event_raid,Raid,Raid_2,100,0,0,60,BattleMusic,
Coop4,,TID_COOP_3,,survival_,sc/survival_level.sc,sc3d/bgr_canyon_showdown_ground.scw,sc3d/bgr_canyon_showdown.scw,0,0,0,255,255,255,sc/ui.sc,event_coop,Survival,Coop_4,100,0,0,60,BattleMusic,
Heist9,true,TID_BANKHEIST_9,town_,,sc/canyon_level.sc,sc3d/bgr_old_town_ground.scw,sc3d/bgr_old_town.scw,0,0,0,255,255,255,sc/events.sc,event_town,AttackDefend,Bankheist_9,100,0,0,60,BattleMusic,
Heist10,,TID_BANKHEIST_10,mine_,,sc/mine_level.sc,sc3d/bgr_mine_ground.scw,sc3d/bgr_mine.scw,0,0,0,255,255,255,sc/events.sc,event_gemmine,CoinRush,Bankheist_10,100,0,0,60,BattleMusic,
Heist11,,TID_BANKHEIST_11,town_,,sc/canyon_level.sc,sc3d/bgr_old_town_ground.scw,sc3d/bgr_old_town.scw,0,0,0,255,255,255,sc/events.sc,event_town,AttackDefend,Bankheist_11,100,0,0,60,BattleMusic,AeroNautikks
Heist12,,TID_BANKHEIST_12,mine_,,sc/mine_level.sc,sc3d/bgr_mine_ground.scw,sc3d/bgr_mine.scw,0,0,0,255,255,255,sc/events.sc,event_gemmine,CoinRush,Bankheist_12,100,0,0,60,BattleMusic,Zagibulenka
Heist13,true,TID_BANKHEIST_13,town_,,sc/canyon_level.sc,sc3d/bgr_old_town_ground.scw,sc3d/bgr_old_town.scw,0,0,0,255,255,255,sc/events.sc,event_town,AttackDefend,Bankheist_13,100,0,0,60,BattleMusic,
LNYHeist1,true,TID_BANKHEIST_9,town_,,sc/canyon_level.sc,sc3d/bgr_old_town_ground.scw,sc3d/bgr_old_town.scw,0,0,0,255,255,255,sc/events.sc,event_cny,AttackDefend,Bankheist_9,100,0,0,60,Cny_levels,
,,,,,,,sc3d/bgr_old_town_deco_LNY.scw,,,,,,,,,,,,,,,,
LNYHeist2,true,TID_BANKHEIST_10,town_,,sc/canyon_level.sc,sc3d/bgr_old_town_ground.scw,sc3d/bgr_old_town.scw,0,0,0,255,255,255,sc/events.sc,event_cny,AttackDefend,Bankheist_10,100,0,0,60,Cny_levels,
,,,,,,,sc3d/bgr_old_town_deco_LNY.scw,,,,,,,,,,,,,,,,
LNYHeist3,true,TID_BANKHEIST_11,town_,,sc/canyon_level.sc,sc3d/bgr_old_town_ground.scw,sc3d/bgr_old_town.scw,0,0,0,255,255,255,sc/events.sc,event_cny,AttackDefend,Bankheist_11,100,0,0,60,Cny_levels,AeroNautikks
,,,,,,,sc3d/bgr_old_town_deco_LNY.scw,,,,,,,,,,,,,,,,
LNYHeist4,true,TID_BANKHEIST_12,town_,,sc/canyon_level.sc,sc3d/bgr_old_town_ground.scw,sc3d/bgr_old_town.scw,0,0,0,255,255,255,sc/events.sc,event_cny,AttackDefend,Bankheist_12,100,0,0,60,Cny_levels,Zagibulenka
,,,,,,,sc3d/bgr_old_town_deco_LNY.scw,,,,,,,,,,,,,,,,
LNYHeist5,true,TID_BANKHEIST_13,town_,,sc/canyon_level.sc,sc3d/bgr_old_town_ground.scw,sc3d/bgr_old_town.scw,0,0,0,255,255,255,sc/events.sc,event_cny,AttackDefend,Bankheist_13,100,0,0,60,Cny_levels,
,,,,,,,sc3d/bgr_old_town_deco_LNY.scw,,,,,,,,,,,,,,,,
Wanted10,true,TID_WANTED_9,town_,,sc/canyon_level.sc,sc3d/bgr_old_town_ground.scw,sc3d/bgr_old_town.scw,0,0,0,255,255,255,sc/events.sc,event_town,BountyHunter,Wanted_10,100,0,0,60,BattleMusic,
Wanted11,,TID_WANTED_11,town_,,sc/canyon_level.sc,sc3d/bgr_old_town_ground.scw,sc3d/bgr_old_town.scw,0,0,0,255,255,255,sc/events.sc,event_town,BountyHunter,Wanted_11,100,0,0,60,BattleMusic,
Wanted12,,TID_WANTED_12,town_,,sc/canyon_level.sc,sc3d/bgr_old_town_ground.scw,sc3d/bgr_old_town.scw,0,0,0,255,255,255,sc/events.sc,event_town,BountyHunter,Wanted_12,100,0,0,60,BattleMusic,
Wanted13,,TID_WANTED_13,mine_,,sc/mine_level.sc,sc3d/bgr_mine_ground.scw,sc3d/bgr_mine.scw,0,0,0,255,255,255,sc/events.sc,event_gemmine,CoinRush,Wanted_13,100,0,0,60,BattleMusic,OwenReds
Wanted14,,TID_WANTED_14,mine_,,sc/mine_level.sc,sc3d/bgr_mine_ground.scw,sc3d/bgr_mine.scw,0,0,0,255,255,255,sc/events.sc,event_gemmine,CoinRush,Wanted_14,100,0,0,60,BattleMusic,
LNYWanted1,true,TID_WANTED_9,town_,,sc/canyon_level.sc,sc3d/bgr_old_town_ground.scw,sc3d/bgr_old_town.scw,0,0,0,255,255,255,sc/events.sc,event_cny,BountyHunter,Wanted_10,100,0,0,60,Cny_levels,
,,,,,,,sc3d/bgr_old_town_deco_LNY.scw,,,,,,,,,,,,,,,,
LNYWanted2,true,TID_WANTED_11,town_,,sc/canyon_level.sc,sc3d/bgr_old_town_ground.scw,sc3d/bgr_old_town.scw,0,0,0,255,255,255,sc/events.sc,event_cny,BountyHunter,Wanted_11,100,0,0,60,Cny_levels,
,,,,,,,sc3d/bgr_old_town_deco_LNY.scw,,,,,,,,,,,,,,,,
LNYWanted3,true,TID_WANTED_12,town_,,sc/canyon_level.sc,sc3d/bgr_old_town_ground.scw,sc3d/bgr_old_town.scw,0,0,0,255,255,255,sc/events.sc,event_cny,BountyHunter,Wanted_12,100,0,0,60,Cny_levels,
,,,,,,,sc3d/bgr_old_town_deco_LNY.scw,,,,,,,,,,,,,,,,
LNYWanted4,true,TID_WANTED_13,town_,,sc/canyon_level.sc,sc3d/bgr_old_town_ground.scw,sc3d/bgr_old_town.scw,0,0,0,255,255,255,sc/events.sc,event_cny,BountyHunter,Wanted_13,100,0,0,60,Cny_levels,OwenReds
,,,,,,,sc3d/bgr_old_town_deco_LNY.scw,,,,,,,,,,,,,,,,
LNYWanted5,true,TID_WANTED_14,town_,,sc/canyon_level.sc,sc3d/bgr_old_town_ground.scw,sc3d/bgr_old_town.scw,0,0,0,255,255,255,sc/events.sc,event_cny,BountyHunter,Wanted_14,100,0,0,60,Cny_levels,
,,,,,,,sc3d/bgr_old_town_deco_LNY.scw,,,,,,,,,,,,,,,,
LNYGemgrab1,true,TID_GOLDRUSH_4,town_,,sc/canyon_level.sc,sc3d/bgr_old_town_ground.scw,sc3d/bgr_old_town.scw,0,0,0,255,255,255,sc/events.sc,event_cny,CoinRush,Wanted_3,0,0,100,60,Cny_levels,
,,,,,,,sc3d/bgr_old_town_deco_LNY.scw,,,,,,,,,,,,,,,,
LNYGemgrab2,true,TID_GOLDRUSH_5,town_,,sc/canyon_level.sc,sc3d/bgr_old_town_ground.scw,sc3d/bgr_old_town.scw,0,0,0,255,255,255,sc/events.sc,event_cny,CoinRush,Gemgrab_5_LNY,0,0,100,60,Cny_levels,
,,,,,,,sc3d/bgr_old_town_deco_LNY.scw,,,,,,,,,,,,,,,,
LNYGemgrab3,true,TID_GOLDRUSH_6,town_,,sc/canyon_level.sc,sc3d/bgr_old_town_ground.scw,sc3d/bgr_old_town.scw,0,0,0,255,255,255,sc/events.sc,event_cny,CoinRush,Gemgrab_4_LNY,0,0,100,60,Cny_levels,
,,,,,,,sc3d/bgr_old_town_deco_LNY.scw,,,,,,,,,,,,,,,,
Ball8,true,TID_WANTED_10,grassfield_,,sc/grassfield_level.sc,sc3d/bgr_grassfield_ground.scw,sc3d/bgr_grassfield.scw,0,0,0,255,255,255,sc/events.sc,event_brawlball,LaserBall,Laserball_8,0,66,66,60,BattleMusic,
Survival10,,TID_BATTLE_ROYALE_10,,survival_,sc/survival_level.sc,sc3d/bgr_canyon_showdown_ground.scw,sc3d/bgr_canyon_showdown.scw,0,0,0,255,255,255,sc/events.sc,event_stormvalley,BattleRoyale,Survival_10,100,0,0,60,BattleMusic,Binnyboy
SurvivalTeam10,,TID_BATTLE_ROYALE_10,,survival_,sc/survival_level.sc,sc3d/bgr_canyon_showdown_ground.scw,sc3d/bgr_canyon_showdown.scw,0,0,0,255,255,255,sc/events.sc,event_stormvalley,BattleRoyaleTeam,Survival_10,100,0,0,60,BattleMusic,Binnyboy
Survival13,,TID_BATTLE_ROYALE_D2,,survival_,sc/survival_level.sc,sc3d/bgr_canyon_showdown_ground.scw,sc3d/bgr_canyon_showdown.scw,0,0,0,255,255,255,sc/events.sc,event_stormvalley,BattleRoyale,Survival_13,100,0,0,60,BattleMusic,
SurvivalTeam13,,TID_BATTLE_ROYALE_D2,,survival_,sc/survival_level.sc,sc3d/bgr_canyon_showdown_ground.scw,sc3d/bgr_canyon_showdown.scw,0,0,0,255,255,255,sc/events.sc,event_stormvalley,BattleRoyaleTeam,Survival_13,100,0,0,60,BattleMusic,
Siege1,,TID_ROBO_WARS_6,town_,,sc/canyon_level.sc,sc3d/bgr_warehouse_ground.scw,sc3d/bgr_warehouse.scw,0,0,0,255,255,255,sc/events.sc,event_robowars,RoboWars,Siege_1,100,0,0,60,BattleMusic,
Siege2,,TID_ROBO_WARS_8,town_,,sc/canyon_level.sc,sc3d/bgr_warehouse_ground.scw,sc3d/bgr_warehouse.scw,0,0,0,255,255,255,sc/events.sc,event_robowars,RoboWars,Siege_2,100,0,0,60,BattleMusic,
Siege3,,TID_ROBO_WARS_7,town_,,sc/canyon_level.sc,sc3d/bgr_warehouse_ground.scw,sc3d/bgr_warehouse.scw,0,0,0,255,255,255,sc/events.sc,event_robowars,RoboWars,Siege_3,100,0,0,60,BattleMusic,
CRoyale,true,TID_BANKHEIST_14,oasis_,,sc/oasis_level.sc,sc3d/bgr_jungle_ground.scw,sc3d/bgr_jungle.scw,0,0,0,255,255,255,sc/events.sc,event_oasis,AttackDefend,CRoyale,0,66,66,60,BattleMusic,DuccioCh
Survival14,,TID_BATTLE_ROYALE_17,,survival_,sc/survival_level.sc,sc3d/bgr_canyon_showdown_ground.scw,sc3d/bgr_canyon_showdown.scw,0,0,0,255,255,255,sc/events.sc,event_stormvalley,BattleRoyale,Survival_14,100,0,0,60,BattleMusic,Maxymus 
SurvivalTeam14,,TID_BATTLE_ROYALE_17,,survival_,sc/survival_level.sc,sc3d/bgr_canyon_showdown_ground.scw,sc3d/bgr_canyon_showdown.scw,0,0,0,255,255,255,sc/events.sc,event_stormvalley,BattleRoyaleTeam,Survival_14,100,0,0,60,BattleMusic,Maxymus 
Survival15,,TID_BATTLE_ROYALE_13,,survival_,sc/survival_level.sc,sc3d/bgr_canyon_showdown_ground.scw,sc3d/bgr_canyon_showdown.scw,0,0,0,255,255,255,sc/events.sc,event_stormvalley,BattleRoyale,Survival_15,100,0,0,60,BattleMusic,Mordeus
SurvivalTeam15,,TID_BATTLE_ROYALE_13,,survival_,sc/survival_level.sc,sc3d/bgr_canyon_showdown_ground.scw,sc3d/bgr_canyon_showdown.scw,0,0,0,255,255,255,sc/events.sc,event_stormvalley,BattleRoyaleTeam,Survival_15,100,0,0,60,BattleMusic,Mordeus
Survival16,,TID_BATTLE_ROYALE_19,,survival_,sc/survival_level.sc,sc3d/bgr_canyon_showdown_ground.scw,sc3d/bgr_canyon_showdown.scw,0,0,0,255,255,255,sc/events.sc,event_stormvalley,BattleRoyale,Survival_16,100,0,0,60,BattleMusic,Meme-grabbee
SurvivalTeam16,,TID_BATTLE_ROYALE_19,,survival_,sc/survival_level.sc,sc3d/bgr_canyon_showdown_ground.scw,sc3d/bgr_canyon_showdown.scw,0,0,0,255,255,255,sc/events.sc,event_stormvalley,BattleRoyaleTeam,Survival_16,100,0,0,60,BattleMusic,Meme-grabbee
Survival17,true,TID_BATTLE_ROYALE_23,,survival_,sc/survival_level.sc,sc3d/bgr_canyon_showdown_ground.scw,sc3d/bgr_canyon_showdown.scw,0,0,0,255,255,255,sc/events.sc,event_stormvalley,BattleRoyale,Survival_17,100,0,0,60,BattleMusic,OwenReds
SurvivalTeam17,true,TID_BATTLE_ROYALE_23,,survival_,sc/survival_level.sc,sc3d/bgr_canyon_showdown_ground.scw,sc3d/bgr_canyon_showdown.scw,0,0,0,255,255,255,sc/events.sc,event_stormvalley,BattleRoyaleTeam,Survival_17,100,0,0,60,BattleMusic,OwenReds
Survival18,,TID_BATTLE_ROYALE_21,,survival_,sc/survival_level.sc,sc3d/bgr_canyon_showdown_ground.scw,sc3d/bgr_canyon_showdown.scw,0,0,0,255,255,255,sc/events.sc,event_stormvalley,BattleRoyale,Survival_18,100,0,0,60,BattleMusic,Pentagonal Cubes
SurvivalTeam18,,TID_BATTLE_ROYALE_21,,survival_,sc/survival_level.sc,sc3d/bgr_canyon_showdown_ground.scw,sc3d/bgr_canyon_showdown.scw,0,0,0,255,255,255,sc/events.sc,event_stormvalley,BattleRoyaleTeam,Survival_18,100,0,0,60,BattleMusic,Pentagonal Cubes
Gemgrab12,true,TID_GOLDRUSH_12,mine_,,sc/mine_level.sc,sc3d/bgr_mine_ground.scw,sc3d/bgr_mine.scw,0,0,0,255,255,255,sc/events.sc,event_gemmine,CoinRush,Gemgrab_12,0,0,100,60,BattleMusic,ash
Gemgrab13,,TID_GOLDRUSH_13,mine_,,sc/mine_level.sc,sc3d/bgr_mine_ground.scw,sc3d/bgr_mine.scw,0,0,0,255,255,255,sc/events.sc,event_gemmine,CoinRush,Gemgrab_13,0,0,100,60,BattleMusic,Electra Drake
Gemgrab14,true,TID_GOLDRUSH_23,mine_,,sc/mine_level.sc,sc3d/bgr_mine_ground.scw,sc3d/bgr_mine.scw,0,0,0,255,255,255,sc/events.sc,event_gemmine,CoinRush,Gemgrab_10,0,0,100,60,BattleMusic,Lewinham
Gemgrab15,,TID_GOLDRUSH_17,mine_,,sc/mine_level.sc,sc3d/bgr_mine_ground.scw,sc3d/bgr_mine.scw,0,0,0,255,255,255,sc/events.sc,event_gemmine,CoinRush,Gemgrab_15,0,0,100,60,BattleMusic,Mordeus
Gemgrab16,,TID_GOLDRUSH_25,mine_,,sc/mine_level.sc,sc3d/bgr_mine_ground.scw,sc3d/bgr_mine.scw,0,0,0,255,255,255,sc/events.sc,event_gemmine,CoinRush,Gemgrab_16,0,0,100,60,BattleMusic,benci
Gemgrab17,,TID_GOLDRUSH_24,mine_,,sc/mine_level.sc,sc3d/bgr_mine_ground.scw,sc3d/bgr_mine.scw,0,0,0,255,255,255,sc/events.sc,event_gemmine,CoinRush,Gemgrab_17,0,0,100,60,BattleMusic,Lab2point0
Gemgrab18,,TID_GOLDRUSH_19,mine_,,sc/mine_level.sc,sc3d/bgr_mine_ground.scw,sc3d/bgr_mine.scw,0,0,0,255,255,255,sc/events.sc,event_gemmine,CoinRush,Gemgrab_18,0,0,100,60,BattleMusic,freezeemilk
Ball9,,TID_BALL_15,grassfield_,,sc/grassfield_level.sc,sc3d/bgr_grassfield_ground.scw,sc3d/bgr_grassfield.scw,0,0,0,255,255,255,sc/events.sc,event_brawlball,LaserBall,Laserball_9,0,66,66,60,BattleMusic,Mordeus
Biggame1,,TID_BOSS_4,,survival_,sc/survival_level.sc,sc3d/bgr_canyon_showdown_ground.scw,sc3d/bgr_canyon_showdown.scw,0,0,0,255,255,255,sc/events.sc,event_boss,BossFight,Biggame_1,100,0,0,60,BattleMusic,OwenReds
Biggame2,,TID_BOSS_3,,survival_,sc/survival_level.sc,sc3d/bgr_canyon_showdown_ground.scw,sc3d/bgr_canyon_showdown.scw,0,0,0,255,255,255,sc/events.sc,event_boss,BossFight,Biggame_2,100,0,0,60,BattleMusic,OwenReds
Training,,,mine_,,sc/mine_level.sc,sc3d/bgr_mine_tutorial_ground.scw,sc3d/bgr_mine_tutorial.scw,0,0,0,255,255,255,sc/events.sc,event_welcome,Training,Training,0,0,100,60,BattleMusic,
Gemgrab19,,TID_GOLDRUSH_31,mine_,,sc/mine_level.sc,sc3d/bgr_mine_ground_tracks_1.scw,sc3d/bgr_mine_tracks_1.scw,0,0,0,255,255,255,sc/events.sc,event_gemmine,CoinRush,Gemgrab_19,0,0,100,60,BattleMusic,
,,,,,,,sc3d/bgr_mine_tracks_1_lights.scw,,,,,,,,,,,,,,,,
,,,,,,,sc3d/bgr_mine_tracks_1_boom_l_top.scw,,,,,,,,,,,,,,,,
,,,,,,,sc3d/bgr_mine_tracks_1_boom_l_bot.scw,,,,,,,,,,,,,,,,
,,,,,,,sc3d/bgr_mine_tracks_1_boom_r_top.scw,,,,,,,,,,,,,,,,
,,,,,,,sc3d/bgr_mine_tracks_1_boom_r_bot.scw,,,,,,,,,,,,,,,,
Survival19,,TID_BATTLE_ROYALE_28,,survival_,sc/survival_level.sc,sc3d/bgr_canyon_showdown_ground.scw,sc3d/bgr_canyon_showdown.scw,0,0,0,255,255,255,sc/events.sc,event_stormvalley,BattleRoyale,Survival_19,100,0,0,60,BattleMusic,Mordeus
SurvivalTeam19,,TID_BATTLE_ROYALE_28,,survival_,sc/survival_level.sc,sc3d/bgr_canyon_showdown_ground.scw,sc3d/bgr_canyon_showdown.scw,0,0,0,255,255,255,sc/events.sc,event_stormvalley,BattleRoyaleTeam,Survival_19,100,0,0,60,BattleMusic,Mordeus
Survival20,,TID_BATTLE_ROYALE_31,,survival_,sc/survival_level.sc,sc3d/bgr_canyon_showdown_ground.scw,sc3d/bgr_canyon_showdown.scw,0,0,0,255,255,255,sc/events.sc,event_stormvalley,BattleRoyale,Survival_20,100,0,0,60,BattleMusic,OwenReds
SurvivalTeam20,,TID_BATTLE_ROYALE_31,,survival_,sc/survival_level.sc,sc3d/bgr_canyon_showdown_ground.scw,sc3d/bgr_canyon_showdown.scw,0,0,0,255,255,255,sc/events.sc,event_stormvalley,BattleRoyaleTeam,Survival_20,100,0,0,60,BattleMusic,OwenReds
Siege4,,TID_ROBO_WARS_13,town_,,sc/canyon_level.sc,sc3d/bgr_warehouse_ground.scw,sc3d/bgr_warehouse.scw,0,0,0,255,255,255,sc/events.sc,event_robowars,RoboWars,Siege_4,100,0,0,60,BattleMusic,OwenReds
Siege5,,TID_ROBO_WARS_11,town_,,sc/canyon_level.sc,sc3d/bgr_warehouse_ground.scw,sc3d/bgr_warehouse.scw,0,0,0,255,255,255,sc/events.sc,event_robowars,RoboWars,Siege_5,100,0,0,60,BattleMusic,Binnyboy
Siege6,,TID_ROBO_WARS_10,town_,,sc/canyon_level.sc,sc3d/bgr_warehouse_ground.scw,sc3d/bgr_warehouse.scw,0,0,0,255,255,255,sc/events.sc,event_robowars,RoboWars,Siege_6,100,0,0,60,BattleMusic,Binnyboy
Siege7,,TID_ROBO_WARS_4,town_,,sc/canyon_level.sc,sc3d/bgr_warehouse_ground.scw,sc3d/bgr_warehouse.scw,0,0,0,255,255,255,sc/events.sc,event_robowars,RoboWars,Siege_7,100,0,0,60,BattleMusic,OwenReds
Siege8,true,TID_ROBO_WARS_12,town_,,sc/canyon_level.sc,sc3d/bgr_warehouse_ground.scw,sc3d/bgr_warehouse.scw,0,0,0,255,255,255,sc/events.sc,event_robowars,RoboWars,Siege_8,100,0,0,60,BattleMusic,Mordeus
Ball10,,TID_BALL_17,grassfield_,,sc/grassfield_level.sc,sc3d/bgr_grassfield_ground.scw,sc3d/bgr_grassfield.scw,0,0,0,255,255,255,sc/events.sc,event_brawlball,LaserBall,Laserball_10,0,66,66,60,BattleMusic,Mordeus
Raid4,,TID_ROBO_WARS_14,,survival_,sc/survival_level.sc,sc3d/bgr_canyon_showdown_ground.scw,sc3d/bgr_canyon_showdown.scw,0,0,0,255,255,255,sc/ui.sc,event_raid,Raid,Raid_4,100,0,0,60,BattleMusic,
Ball11,true,TID_BALL_21,grassfield_,,sc/grassfield_level.sc,sc3d/bgr_grassfield_ground.scw,sc3d/bgr_grassfield.scw,0,0,0,255,255,255,sc/events.sc,event_brawlball,LaserBall,Laserball_11,0,66,66,60,BattleMusic,ash
Survival21,true,TID_BATTLE_ROYALE_16,,survival_,sc/survival_level.sc,sc3d/bgr_canyon_showdown_ground.scw,sc3d/bgr_canyon_showdown.scw,0,0,0,255,255,255,sc/events.sc,event_stormvalley,BattleRoyale,Survival_21,100,0,0,60,BattleMusic,Mordeus
SurvivalTeam21,true,TID_BATTLE_ROYALE_16,,survival_,sc/survival_level.sc,sc3d/bgr_canyon_showdown_ground.scw,sc3d/bgr_canyon_showdown.scw,0,0,0,255,255,255,sc/events.sc,event_stormvalley,BattleRoyaleTeam,Survival_21,100,0,0,60,BattleMusic,Mordeus
Heist14,,TID_BANKHEIST_14B,mine_,,sc/mine_level.sc,sc3d/bgr_mine_ground.scw,sc3d/bgr_mine.scw,0,0,0,255,255,255,sc/events.sc,event_gemmine,CoinRush,Bankheist_14,100,0,0,60,BattleMusic,Lex
Heist15,,TID_BANKHEIST_15,mine_,,sc/mine_level.sc,sc3d/bgr_mine_ground.scw,sc3d/bgr_mine.scw,0,0,0,255,255,255,sc/events.sc,event_gemmine,CoinRush,Bankheist_15,100,0,0,60,BattleMusic,OwenReds
Gemgrab20,,TID_GOLDRUSH_21,mine_,,sc/mine_level.sc,sc3d/bgr_mine_ground.scw,sc3d/bgr_mine.scw,0,0,0,255,255,255,sc/events.sc,event_gemmine,CoinRush,Gemgrab_20,0,0,100,60,BattleMusic,freezeemilk
