{"0": {"ID": [16, 0, 0], "OfferTitle": "<c007fff>G<c00ffff>E<c00ff7f>M<c00ff00>S</c>", "Cost": 0, "OldCost": 0, "Multiplier": [30, 0, 0], "BrawlerID": [0, 0, 0], "SkinID": [0, 0, 0], "WhoBuyed": [1, 804047477, 991075295, 41629595, 231806397, 450242227, 21059118, 2510210285, 2684100793, 758968383], "ShopType": 0, "ShopDisplay": false}, "1": {"ID": [16, 0, 0], "OfferTitle": "Release Gift", "Cost": 0, "OldCost": 0, "Multiplier": [100, 0, 0], "BrawlerID": [0, 0, 0], "SkinID": [0, 0, 0], "WhoBuyed": [1, 804047477, 991075295, 41629595, 231806397, 450242227, 21059118, 2510210285, 2684100793, 758968383], "ShopType": 0, "ShopDisplay": false}, "2": {"ID": [16, 0, 0], "OfferTitle": "Release Gift", "Cost": 0, "OldCost": 0, "Multiplier": [10000, 0, 0], "BrawlerID": [0, 0, 0], "SkinID": [0, 0, 0], "WhoBuyed": [41629595, 231806397, 450242227, 21059118, 2510210285, 2684100793, 758968383], "ShopType": 0, "ShopDisplay": false}}